-- Generated from: 实验室管理系统导入模板_正式版_含密码哈希.xlsx
SET NAMES utf8mb4;
SET FOREIGN_KEY_CHECKS=0;
START TRANSACTION;

-- Sheet: SysUser -> `sys_user` (rows: 15)
INSERT INTO `sys_user` (`id`, `username`, `password_hash`, `display_name`, `student_no`, `mobile`, `email`, `avatar_storage_key`, `avatar_file_name`, `status_code`, `force_password_change`, `last_login_at`, `password_changed_at`, `created_at`, `updated_at`, `created_by`, `is_deleted`) VALUES
  (1001, 'Mensen', '7785d0b81920dfe7aaa47c88bdc126e76890873e64d6d7e40a20f2fdffdd0bae', '门森', NULL, NULL, NULL, NULL, NULL, 'ACTIVE', 1, NULL, NULL, '2026-04-19 15:30:00', '2026-04-19 15:30:00', NULL, 0),
  (1002, '1275581576', '4b834abef4afdc3bbdaaf49bd0e2f237c6ee346925b7dcf88e3ed99727a47edf', '张君豪', '1275581576', '13314425016', 'Junhaozhang029@163.com', NULL, NULL, 'ACTIVE', 1, NULL, NULL, '2026-04-19 15:30:00', '2026-04-19 15:30:00', NULL, 0),
  (1003, 'Simon', '38da1cb64776852e6703b2daaba21e03dbd02f21a9df060ba3d319d032cea866', '刘鑫鸿', NULL, '15810860817', '2889609359@qq.com', NULL, NULL, 'ACTIVE', 1, NULL, NULL, '2026-04-19 15:30:00', '2026-04-19 15:30:00', NULL, 0),
  (1004, 'Origin', '194ceba199938fe485c053953a71c46a40e1a672edfd8f1e21a52d969e1c8786', '倪磊', NULL, '18311056997', '2023250327026@buu.edu.cn', NULL, NULL, 'ACTIVE', 1, NULL, NULL, '2026-04-19 15:30:00', '2026-04-19 15:30:00', NULL, 0),
  (1005, '18034583149', '4102a72f0c2a0d95cca54a93db43f0e10c5643af381d109960000c9e4b693288', '李潇鑫', '18034583149', '18034583149', '3187098076@qq.com', NULL, NULL, 'ACTIVE', 1, NULL, NULL, '2026-04-19 15:30:00', '2026-04-19 15:30:00', NULL, 0),
  (1006, 'xiayule', 'a70f53d21309fe513e7de45664e90e1917791aee71881384e29118ad39351ca8', '田清华', NULL, '13651362023', 'abc6_896896@qq.com', NULL, NULL, 'ACTIVE', 1, NULL, NULL, '2026-04-19 15:30:00', '2026-04-19 15:30:00', NULL, 0),
  (1007, 'cfgang', 'f929280de071e66a32aa1d5bed36a9fae0c8cd08332e86cf82ef001ccbdaa043', '叶东铨', NULL, '13161331612', '1970707609@qq.com', NULL, NULL, 'ACTIVE', 1, NULL, NULL, '2026-04-19 15:30:00', '2026-04-19 15:30:00', NULL, 0),
  (1008, '18801373909', '90f6f7b4fb8bd99d266561165b7f48018ad1ec27b27546cd5a7d5932ab49950a', '王诗语', '18801373909', '18801373909', 'wangshiyu20161129@163.com', NULL, NULL, 'ACTIVE', 1, NULL, NULL, '2026-04-19 15:30:00', '2026-04-19 15:30:00', NULL, 0),
  (1009, 'lzh', 'ab3ab10179c117c3a1b14819aa8bbd2457969178cd9385cfdcb1ac00e53cf3bb', '李子恒', NULL, '19880227151', 'lzh161829@qq.com', NULL, NULL, 'ACTIVE', 1, NULL, NULL, '2026-04-19 15:30:00', '2026-04-19 15:30:00', NULL, 0),
  (1010, 'yuni', '8d629813d4bb067705a09c2987ac419da72a6fa8bc6375a038c310c51eb8624c', '刘玥', NULL, '19870953542', '2024250327017@buu.edu.cn', NULL, NULL, 'ACTIVE', 1, NULL, NULL, '2026-04-19 15:30:00', '2026-04-19 15:30:00', NULL, 0),
  (1011, '18510126488', '6e2c1f2c0ecd5cd05f33d84137fa7a7eae404cb3d33e82b29684fde164338db4', '付裕豪', '18510126488', '18510126488', '2760679919@qq.com', NULL, NULL, 'ACTIVE', 1, NULL, NULL, '2026-04-19 15:30:00', '2026-04-19 15:30:00', NULL, 0),
  (1012, 'yolo', 'd712eee93831d00b6ccc82776bf16314c0f211c8bf32013d030205f11bf02d0f', '柴建铭', NULL, '19893500788', '2690913699@qq.com', NULL, NULL, 'ACTIVE', 1, NULL, NULL, '2026-04-19 15:30:00', '2026-04-19 15:30:00', NULL, 0),
  (1013, 'Yyl', 'f81495b91675e931649076b2983b57a37a8c44ca327f825edfdc13e0c4be34a5', '闫钰霖', NULL, '18401760362', '18401760362@163.com', NULL, NULL, 'ACTIVE', 1, NULL, NULL, '2026-04-19 15:30:00', '2026-04-19 15:30:00', NULL, 0),
  (1014, 'bjde', '8c5bb6ee96a8a0908736c23cfea55b5daa4977070a0b4f88d374c0dc0c647b23', '张宗翔', NULL, '13911793891', '18518183380@163.com', NULL, NULL, 'ACTIVE', 1, NULL, NULL, '2026-04-19 15:30:00', '2026-04-19 15:30:00', NULL, 0),
  (1015, '2022250327019', '538d211bc2596790cd15cc2a98a9b63440bee5cc3d5de7c9c1a0bf080d15b149', '孙天一', '2022250327019', '13621291974', '923198014@qq.com', NULL, NULL, 'ACTIVE', 1, NULL, NULL, '2026-04-19 15:30:00', '2026-04-19 15:30:00', NULL, 0);

-- Sheet: SysRole -> `sys_role` (rows: 6)
INSERT INTO `sys_role` (`id`, `role_code`, `role_name`, `data_scope`, `sort_no`, `status_code`, `created_at`, `updated_at`) VALUES
  (1, 'TEACHER', '老师', 'GLOBAL', 10, 'ACTIVE', '2026-04-19 15:30:00', '2026-04-19 15:30:00'),
  (2, 'LAB_LEADER', '实验室负责人', 'GLOBAL', 20, 'ACTIVE', '2026-04-19 15:30:00', '2026-04-19 15:30:00'),
  (3, 'MINISTER', '部长', 'DEPT', 30, 'ACTIVE', '2026-04-19 15:30:00', '2026-04-19 15:30:00'),
  (4, 'GROUP_LEADER', '组长', 'GROUP', 40, 'ACTIVE', '2026-04-19 15:30:00', '2026-04-19 15:30:00'),
  (5, 'MEMBER', '成员', 'SELF', 50, 'ACTIVE', '2026-04-19 15:30:00', '2026-04-19 15:30:00'),
  (6, 'INTERN', '实习生', 'SELF', 60, 'ACTIVE', '2026-04-19 15:30:00', '2026-04-19 15:30:00');

-- Sheet: OrgUnit -> `org_unit` (rows: 14)
INSERT INTO `org_unit` (`id`, `parent_id`, `unit_code`, `unit_name`, `unit_type`, `leader_user_id`, `status_code`, `created_at`, `updated_at`, `created_by`, `is_deleted`) VALUES
  (2001, NULL, 'SMART_LAB', '智能制造实验室', 'LAB', 1001, 'ACTIVE', '2026-04-19 15:30:00', '2026-04-19 15:30:00', NULL, 0),
  (2002, 2001, 'WC_DEPT', '文创部', 'DEPARTMENT', 1002, 'ACTIVE', '2026-04-19 15:30:00', '2026-04-19 15:30:00', NULL, 0),
  (2003, 2001, 'XM_DEPT', '项目部', 'DEPARTMENT', 1003, 'ACTIVE', '2026-04-19 15:30:00', '2026-04-19 15:30:00', NULL, 0),
  (2004, 2001, 'ORG_2004', '巡检机器人组', 'GROUP', 1004, 'ACTIVE', '2026-04-19 15:30:00', '2026-04-19 15:30:00', NULL, 0),
  (2005, 2001, 'ORG_2005', '种子活力组', 'GROUP', 1005, 'ACTIVE', '2026-04-19 15:30:00', '2026-04-19 15:30:00', NULL, 0),
  (2006, 2001, 'ORG_2006', '软著编写组', 'GROUP', 1006, 'ACTIVE', '2026-04-19 15:30:00', '2026-04-19 15:30:00', NULL, 0),
  (2007, 2001, 'ORG_2007', '太阳能组', 'GROUP', 1007, 'ACTIVE', '2026-04-19 15:30:00', '2026-04-19 15:30:00', NULL, 0),
  (2008, 2001, 'ORG_2008', '智能轮椅组', 'GROUP', 1008, 'ACTIVE', '2026-04-19 15:30:00', '2026-04-19 15:30:00', NULL, 0),
  (2009, 2001, 'ORG_2009', '双足机器人组', 'GROUP', 1009, 'ACTIVE', '2026-04-19 15:30:00', '2026-04-19 15:30:00', NULL, 0),
  (2010, 2001, 'ORG_2010', '水果损伤组', 'GROUP', 1010, 'ACTIVE', '2026-04-19 15:30:00', '2026-04-19 15:30:00', NULL, 0),
  (2011, 2001, 'ORG_2011', '工业电子秤', 'GROUP', 1011, 'ACTIVE', '2026-04-19 15:30:00', '2026-04-19 15:30:00', NULL, 0),
  (2012, 2001, 'ORG_2012', '智能救援组', 'GROUP', 1012, 'ACTIVE', '2026-04-19 15:30:00', '2026-04-19 15:30:00', NULL, 0),
  (2013, 2001, 'ORG_2013', '焊缝检测组', 'GROUP', 1013, 'ACTIVE', '2026-04-19 15:30:00', '2026-04-19 15:30:00', NULL, 0),
  (2014, 2001, 'ORG_2014', '尾气处理组', 'GROUP', 1014, 'ACTIVE', '2026-04-19 15:30:00', '2026-04-19 15:30:00', NULL, 0);

-- Sheet: SysUserRole -> `sys_user_role` (rows: 15)
INSERT INTO `sys_user_role` (`id`, `user_id`, `role_id`, `effective_from`, `effective_to`, `created_at`, `updated_at`) VALUES
  (4001, 1001, 1, '2026-04-19 15:30:00', NULL, '2026-04-19 15:30:00', '2026-04-19 15:30:00'),
  (4002, 1002, 3, '2026-04-19 15:30:00', NULL, '2026-04-19 15:30:00', '2026-04-19 15:30:00'),
  (4003, 1003, 3, '2026-04-19 15:30:00', NULL, '2026-04-19 15:30:00', '2026-04-19 15:30:00'),
  (4004, 1004, 4, '2026-04-19 15:30:00', NULL, '2026-04-19 15:30:00', '2026-04-19 15:30:00'),
  (4005, 1005, 4, '2026-04-19 15:30:00', NULL, '2026-04-19 15:30:00', '2026-04-19 15:30:00'),
  (4006, 1006, 4, '2026-04-19 15:30:00', NULL, '2026-04-19 15:30:00', '2026-04-19 15:30:00'),
  (4007, 1007, 4, '2026-04-19 15:30:00', NULL, '2026-04-19 15:30:00', '2026-04-19 15:30:00'),
  (4008, 1008, 4, '2026-04-19 15:30:00', NULL, '2026-04-19 15:30:00', '2026-04-19 15:30:00'),
  (4009, 1009, 4, '2026-04-19 15:30:00', NULL, '2026-04-19 15:30:00', '2026-04-19 15:30:00'),
  (4010, 1010, 4, '2026-04-19 15:30:00', NULL, '2026-04-19 15:30:00', '2026-04-19 15:30:00'),
  (4011, 1011, 4, '2026-04-19 15:30:00', NULL, '2026-04-19 15:30:00', '2026-04-19 15:30:00'),
  (4012, 1012, 4, '2026-04-19 15:30:00', NULL, '2026-04-19 15:30:00', '2026-04-19 15:30:00'),
  (4013, 1013, 4, '2026-04-19 15:30:00', NULL, '2026-04-19 15:30:00', '2026-04-19 15:30:00'),
  (4014, 1014, 4, '2026-04-19 15:30:00', NULL, '2026-04-19 15:30:00', '2026-04-19 15:30:00'),
  (4015, 1015, 3, '2026-04-19 15:30:00', NULL, '2026-04-19 15:30:00', '2026-04-19 15:30:00');

-- Sheet: MemberProfile -> `member_profile` (rows: 15)
INSERT INTO `member_profile` (`id`, `user_id`, `org_unit_id`, `position_code`, `mentor_user_id`, `join_date`, `member_status`, `skill_tags`, `created_at`, `updated_at`, `created_by`, `is_deleted`) VALUES
  (3001, 1001, 2001, 'TEACHER', NULL, '2026-04-19', 'ACTIVE', NULL, '2026-04-19 15:30:00', '2026-04-19 15:30:00', NULL, 0),
  (3002, 1002, 2002, 'MINISTER', NULL, '2026-04-19', 'ACTIVE', NULL, '2026-04-19 15:30:00', '2026-04-19 15:30:00', NULL, 0),
  (3003, 1003, 2003, 'MINISTER', NULL, '2026-04-19', 'ACTIVE', NULL, '2026-04-19 15:30:00', '2026-04-19 15:30:00', NULL, 0),
  (3004, 1004, 2004, 'GROUP_LEADER', NULL, '2026-04-19', 'ACTIVE', NULL, '2026-04-19 15:30:00', '2026-04-19 15:30:00', NULL, 0),
  (3005, 1005, 2005, 'GROUP_LEADER', NULL, '2026-04-19', 'ACTIVE', NULL, '2026-04-19 15:30:00', '2026-04-19 15:30:00', NULL, 0),
  (3006, 1006, 2006, 'GROUP_LEADER', NULL, '2026-04-19', 'ACTIVE', NULL, '2026-04-19 15:30:00', '2026-04-19 15:30:00', NULL, 0),
  (3007, 1007, 2007, 'GROUP_LEADER', NULL, '2026-04-19', 'ACTIVE', NULL, '2026-04-19 15:30:00', '2026-04-19 15:30:00', NULL, 0),
  (3008, 1008, 2008, 'GROUP_LEADER', NULL, '2026-04-19', 'ACTIVE', NULL, '2026-04-19 15:30:00', '2026-04-19 15:30:00', NULL, 0),
  (3009, 1009, 2009, 'GROUP_LEADER', NULL, '2026-04-19', 'ACTIVE', NULL, '2026-04-19 15:30:00', '2026-04-19 15:30:00', NULL, 0),
  (3010, 1010, 2010, 'GROUP_LEADER', NULL, '2026-04-19', 'ACTIVE', NULL, '2026-04-19 15:30:00', '2026-04-19 15:30:00', NULL, 0),
  (3011, 1011, 2011, 'GROUP_LEADER', NULL, '2026-04-19', 'ACTIVE', NULL, '2026-04-19 15:30:00', '2026-04-19 15:30:00', NULL, 0),
  (3012, 1012, 2012, 'GROUP_LEADER', NULL, '2026-04-19', 'ACTIVE', NULL, '2026-04-19 15:30:00', '2026-04-19 15:30:00', NULL, 0),
  (3013, 1013, 2013, 'GROUP_LEADER', NULL, '2026-04-19', 'ACTIVE', NULL, '2026-04-19 15:30:00', '2026-04-19 15:30:00', NULL, 0),
  (3014, 1014, 2014, 'GROUP_LEADER', NULL, '2026-04-19', 'ACTIVE', NULL, '2026-04-19 15:30:00', '2026-04-19 15:30:00', NULL, 0),
  (3015, 1015, 2001, 'MINISTER', NULL, '2026-04-19', 'ACTIVE', NULL, '2026-04-19 15:30:00', '2026-04-19 15:30:00', NULL, 0);
COMMIT;
SET FOREIGN_KEY_CHECKS=1;
